Latitude,Longitude,Rainfall (mm),River Discharge (m³/s),Elevation (m),Distance From Coast (km),Land Cover,Soil Type,Population Density,Is Coastal,Flood Risk,Flood Prediction
19.363345053657206,73.32658783550417,88.39,727.56,783.44,75.5,Forest,Clay,3980,0,0.337152,0
16.555248134321033,73.09246837662728,24.94,2989.37,20.59,261.36,Forest,Alluvial,3842,1,0.26161275,0
18.181995815519556,73.43630078164504,76.32,204.95,51.39,104.06,Forest,Sandy Loam,9310,1,0.08656749999999999,0
18.891227916017513,72.71132095030137,33.38,499.3,242.11,9.39,Agricultural,Laterite,6170,0,0.208345,0
18.245063999508226,74.40298919185744,119.7,626.39,111.61,184.08,Agricultural,Laterite,9412,0,0.22652925000000002,0
17.310563664196636,73.03115745065102,85.28,669.22,290.81,177.61,Forest,Clay,3653,0,0.21874100000000002,0
16.25779853471196,72.85329020908549,57.29,684.5,274.26,292.48,Forest,Laterite,8133,0,0.091515,0
16.455068530614597,73.56426344962466,57.22,1053.48,253.92,282.48,Urban,Clay,3773,0,0.209894,0
18.64291060577558,73.19526622648387,59.3,948.03,590.33,50.46,Agricultural,Laterite,3414,0,0.16005224999999998,0
18.225769939108332,72.83329090755201,66.81,601.23,88.13,74.71,Forest,Clay,8398,1,0.1968715,0
19.37816612344474,73.66631771625588,97.34,1753.74,202.61,105.39,Forest,Laterite,10648,0,0.185027,0
17.310465410073455,73.96963000820251,96.93,237.17,89.14,215.12,Urban,Sandy Loam,14305,1,0.10878850000000001,0
17.88297416223153,72.72552213475015,156.93,2794.49,448.48,112.84,Forest,Clay,17024,0,0.3966545,0
16.93767971415244,73.98873023821822,43.92,3332.46,44.93,251.06,Mangrove,Laterite,14547,1,0.310543,0
16.895380225419846,73.16239134059886,123.13,455.15,591.28,225.17,Urban,Laterite,8014,0,0.1458875,0
18.670102262268678,73.19399562907827,154.9,346.21,440.78,48.71,Forest,Laterite,1912,0,0.1722105,0
16.632069195075946,73.68614323621148,18.97,501.97,276,268.02,Forest,Laterite,9466,0,0.044068500000000004,0
18.57554151298848,72.81007403066285,25.55,755.39,431.22,35.93,Forest,Sandy Loam,6164,0,0.09497925,0
19.367627260212984,72.69627739329687,54.87,366.64,325.74,52.9,Agricultural,Clay,4232,0,0.173202,0
17.1652492151941,72.8990463510314,62.16,1974.08,647.68,192.29,Urban,Laterite,6398,0,0.160864,0
16.753041848654007,74.36975962944572,168.92,560.43,119.37,290.09,Agricultural,Alluvial,2576,0,0.1969415,0
16.06234236404921,74.31369756612763,212.4,420.17,87.78,352.81,Forest,Sandy Loam,5931,1,0.23340850000000002,0
15.5238113839271,74.11496205274754,249.68,516.36,437.03,398.96,Forest,Laterite,9610,0,0.275498,0
18.45745368948434,72.60604053291041,45.74,1278.94,572.98,53.09,Water Body,Laterite,10350,0,0.109687,0
19.2461248340145,74.11123368866674,133.86,1970.04,172.52,143.22,Forest,Laterite,2147,0,0.232362,0
15.987245658037775,73.309114672001,262.43,2658.11,61.72,326.87,Agricultural,Clay,3131,1,0.49533550000000004,0
18.478393961711685,72.98136379079186,102.7,301.4,170.01,50.44,Agricultural,Laterite,5793,0,0.11777,0
18.29061081409023,72.71467167830413,82.39,201.7,107.71,68.05,Forest,Clay,6429,0,0.192475,0
19.13243335208471,73.20945374612207,34.94,627.86,450.45,50.2,Water Body,Laterite,5787,0,0.066333,0
15.751063083842304,73.8118384950072,70.28,306.62,27.83,364.72,Urban,Laterite,2323,1,0.08561099999999999,0
18.857301969681203,73.46748932267015,41.73,684.09,588.44,70.49,Agricultural,Laterite,8739,0,0.0759345,0
17.11509540878445,72.58985826417091,27.5,2076.03,98.13,198.8,Urban,Clay,2767,1,0.23130150000000002,0
19.023021643578947,73.95632631916513,76.14,1229.31,541.91,122.54,Forest,Laterite,10006,0,0.1376055,0
17.010515783226985,74.47774172779017,118.73,363.62,240.83,274.44,Forest,Sandy Loam,2547,0,0.13691099999999998,0
15.596972216043342,74.41966467602042,203.81,1420.48,770.42,404.09,Urban,Laterite,12546,0,0.274834,0
17.781480277406445,73.44746574015693,70.32,730.29,399.26,141.46,Forest,Laterite,2990,0,0.1068345,0
17.568987467832176,72.70182600793134,99.7,704.1,28.99,147.69,Urban,Laterite,2320,1,0.13490500000000002,0
18.98589334362337,74.4362296355973,23.4,665.21,588.26,172.6,Forest,Laterite,9278,0,0.0566605,0
15.629098902286447,73.342811394645,45,311.1,32.96,366.57,Urban,Sandy Loam,4081,1,0.060555,0
15.79164760725683,74.39599519318128,125.82,184.35,27.05,383.55,Forest,Laterite,3974,1,0.13503749999999998,0
16.90103073214041,73.4551851794633,208.74,229.5,578.52,231.88,Forest,Laterite,11186,0,0.22021500000000002,0
18.281762126840274,73.35943729730454,84.35,290.64,36.77,90.38,Forest,Laterite,4108,1,0.09888199999999998,0
15.867963242191596,72.52009930055031,81.64,1653.5,661.24,336.88,Water Body,Laterite,2432,0,0.164315,0
16.006863577322836,72.86118695560985,16.84,881.7,524.29,320.26,Agricultural,Laterite,2429,0,0.06092500000000001,0
19.253480569828934,72.91172192238166,165.48,595.19,485.98,40.86,Water Body,Laterite,4973,0,0.1952395,0
17.665676698191326,72.70875634333488,69.35,2216.15,738.43,136.96,Urban,Laterite,10750,0,0.18015750000000003,0
16.34307852753246,73.24477997012303,142.93,231.24,294.58,286.9,Forest,Sandy Loam,2206,0,0.154492,0
18.918296951346033,73.26787251972195,10.21,602.41,561.95,49.33,Agricultural,Clay,7672,0,0.14033050000000002,0
16.89121815375161,72.55198420450172,129.07,1883.59,34.09,223.88,Urban,Laterite,11510,1,0.2232495,0
19.214265904885963,74.00480143810985,228.75,722.56,76.9,131.5,Forest,Alluvial,10817,1,0.264878,0
19.19864455575427,72.76374542575647,8.99,313.98,376.22,33.28,Agricultural,Laterite,11507,0,0.024689000000000003,0
18.741037987815258,73.7159983517578,32.4,476.26,423.91,98.14,Agricultural,Laterite,6873,0,0.056213,0
18.87730132212068,72.93568499995189,20.12,302.67,144.83,14.52,Forest,Clay,4332,0,0.1352535,0
17.479715708709435,72.95483783826735,40.77,879.17,228.98,158.05,Agricultural,Laterite,1930,0,0.08472850000000001,0
18.36943078720428,72.62162573563612,169.85,236.26,35.33,61.67,Urban,Clay,2806,1,0.281663,0
17.527751757020138,72.72636512683385,23.92,1170.52,149.98,152.08,Agricultural,Laterite,5058,0,0.082446,0
18.652657847413032,73.16997157000152,80.69,145.73,212.22,47.66,Forest,Sandy Loam,1615,0,0.08797649999999999,0
17.936152583702793,74.11606842745998,102.53,683.23,250.41,175.26,Urban,Laterite,5676,0,0.1366915,0
19.491283406293753,72.65688994460075,23.89,310.66,483.76,67.16,Agricultural,Clay,11821,0,0.13942300000000002,0
17.928408040771757,73.81839551813079,104.81,248.29,32.87,152.13,Urban,Alluvial,6568,1,0.1172245,0
18.492753117453958,72.73083383877685,51.57,1506.83,453.95,45.66,Water Body,Clay,4026,0,0.22691150000000002,0
18.645216566886013,72.95952660693739,247.59,1442.02,67.41,32.84,Agricultural,Clay,5226,1,0.41969100000000004,0
15.97185608987528,73.31700558097694,101.17,621.95,225.94,328.69,Agricultural,Laterite,4373,0,0.13226749999999998,0
17.71831511591023,74.36025033101231,14.5,476.08,598.39,210.51,Forest,Sandy Loam,8362,0,0.038304000000000005,0
17.966518375509136,74.4882682073441,17.19,463.5,414.83,206.12,Urban,Laterite,10029,0,0.040365,0
18.433772539599264,73.94741493114763,123.25,675.31,515.13,131.59,Agricultural,Laterite,6357,0,0.1570155,0
17.53466876514355,73.67616175531298,60.87,1567.17,690.85,177.27,Agricultural,Laterite,11030,0,0.1392285,0
19.314054672217267,72.58386885842661,178.09,450.18,301.49,51.17,Agricultural,Laterite,4641,0,0.200599,0
19.170772262198597,74.47761114844934,190.6,867.76,687.15,179.13,Urban,Laterite,16352,0,0.233988,0
17.659318999585984,74.09798400394816,5.56,2735.13,52.09,194.15,Urban,Laterite,10301,1,0.14231650000000004,0
19.17673468127084,72.73988117939837,25.71,265.65,80.36,31.28,Urban,Laterite,5064,1,0.0389925,0
17.528240690688406,73.05221605976618,136.18,2432.92,747.31,154.16,Agricultural,Sandy Loam,4958,0,0.257826,0
18.86572416300089,73.82226085420899,34.54,455.04,73.36,107.78,Forest,Laterite,15962,1,0.057291999999999996,0
18.928627184727297,73.9988919528453,114.33,311.3,366.2,126.34,Agricultural,Clay,7523,0,0.229895,0
19.317340885998735,74.25577930063159,261.26,1045.47,518.49,160,Agricultural,Laterite,2840,0,0.3135335,0
19.023580756688666,74.00992220288421,59.18,327.07,425.32,128.16,Forest,Laterite,10107,0,0.0755335,0
18.59472712523256,73.46747746825399,226.5,568.02,455.24,78.08,Water Body,Clay,7953,0,0.5323515000000001,0
16.792768068957486,73.84997809406546,81.29,578.91,439.85,258.42,Forest,Clay,4859,0,0.21023550000000002,0
17.139246172347963,73.64501139336261,39.46,838.81,113.94,214.44,Urban,Sandy Loam,11468,0,0.0814005,0
16.833152321345466,73.20540126810732,18.09,1433.32,29.02,232.76,Forest,Laterite,3874,1,0.08975599999999999,0
18.43333739783477,74.38002759238543,78.74,339,640.69,174.51,Forest,Laterite,12126,0,0.09569,0
17.011426945187925,73.30150187211026,238.41,679.17,2.02,215.67,Urban,Laterite,2658,1,0.4223684999999999,0
17.85278316714227,73.28224779954976,251.31,1312.75,30.22,126.62,Agricultural,Laterite,6762,1,0.3169475,0
16.66495461551948,72.6861247900464,96.23,706.5,447.92,247.66,Forest,Laterite,10272,0,0.131555,0
17.309081412078765,73.65575897656664,12.03,578.94,317.43,198.01,Forest,Clay,2656,0,0.14097700000000002,0
16.177022850742393,74.229655428858,97.67,184.28,606.12,337.43,Agricultural,Laterite,4253,0,0.10688399999999999,0
16.745819829121565,73.17573696128017,36.84,773.59,583.28,241.73,Urban,Clay,7123,0,0.1755195,0
19.337901134848853,72.97147867563126,91.45,887.98,92.12,51.72,Agricultural,Laterite,11022,1,0.135849,0
16.148372457025616,73.99629752518949,39.41,586.71,48.72,329.96,Urban,Laterite,1171,1,0.0687455,0
15.970333112343532,74.49148862502312,172.48,418.39,56.38,370.69,Forest,Laterite,11914,1,0.1933995,0
19.30798145277723,73.24250661610633,127.76,367.63,99.62,64.87,Water Body,Laterite,1191,1,0.14614149999999998,0
17.165211772299582,72.80069815323492,21.87,484.01,476.41,192.01,Forest,Laterite,8405,0,0.0460705,0
15.767088006450319,73.77268705605204,8.62,457.44,636.89,361.81,Water Body,Laterite,2443,0,0.031492000000000006,0
16.109687212198267,73.96131615663232,57.97,1110.14,640.39,332.53,Agricultural,Laterite,9517,0,0.11347700000000001,0
17.393627351799807,72.83619877700018,210.04,372.07,32.33,166.77,Water Body,Laterite,12006,1,0.22864349999999997,0
17.20162295296318,73.44337815533711,61.74,370.05,70.62,199.94,Forest,Sandy Loam,7526,1,0.08024250000000001,0
19.033142435711056,74.18438244184702,253.54,1922.33,652.28,146.54,Agricultural,Laterite,9260,0,0.3496565,0
16.212049634018406,74.23227687724959,279.04,460.82,713.41,334.09,Water Body,Laterite,3502,0,0.302081,0
18.490513980252697,72.52134484344477,87.43,275.17,745.09,54.02,Agricultural,Laterite,9101,0,0.10118850000000001,0
17.093176008579654,74.49147569679468,165.03,160.71,602.62,268.48,Agricultural,Clay,7001,0,0.2730655,0
17.39379366487074,74.24987366270346,188.91,1260.15,87.09,226.56,Forest,Laterite,2152,1,0.2519175,0
18.049912622886623,72.62465094498152,27.67,779.86,84.82,95.9,Forest,Clay,10402,1,0.166663,0
16.965026274810448,72.52834242493726,148.37,850.03,632.91,216.09,Forest,Laterite,6416,0,0.1908715,0
16.602101820961504,72.89736680222626,101.27,5373.62,291.63,254.54,Forest,Laterite,12629,0,0.369951,0
15.844380932038703,74.36054570172735,25.95,412.83,538.64,376.64,Forest,Laterite,3894,0,0.046591499999999994,0
16.998118235479268,72.66254986639616,174.65,2426.6,19.11,211,Urban,Laterite,5655,1,0.44598000000000004,0
16.648306226074816,73.05792679101863,116.31,1252.32,785.49,250.71,Forest,Laterite,6996,0,0.17892599999999997,0
17.814784656870756,73.19771839339093,140.04,1936.55,684.31,127.26,Forest,Laterite,18561,0,0.2368675,0
17.235413591471957,73.79201596693558,155.36,876.34,459.29,212.07,Forest,Laterite,1738,0,0.199177,0
15.961192742497618,73.81666436241737,42.71,804.18,511.87,342.71,Forest,Clay,13418,0,0.182919,0
15.53159320827575,73.34281552546466,67.26,403.96,115.22,377.23,Urban,Laterite,9936,0,0.08745800000000001,0
18.423819434622928,73.44714414826178,51.99,869.34,128.09,86.25,Water Body,Laterite,2793,0,0.09545700000000001,0
17.20357691568352,73.03872196307752,119.77,382.55,517.8,189.46,Agricultural,Laterite,10930,0,0.13889749999999998,0
16.019563307267617,73.16629422886028,62.88,1428.56,100.59,321.16,Forest,Sandy Loam,4848,0,0.134308,0
16.238374627714858,74.21552439336959,86.3,228.72,0.49,330.68,Forest,Laterite,9810,1,0.247736,0
18.295118993893023,74.32566609192351,149.9,2196.21,189.95,174.39,Urban,Laterite,14185,0,0.2597105,0
18.779164304576803,73.96074421514099,83.91,210.85,58.64,123.06,Forest,Clay,5538,1,0.1944525,0
16.859403803987977,74.14647628369319,129.65,3312.28,231.58,267.15,Forest,Laterite,5710,0,0.2952640000000001,0
16.21950258093212,72.80149513907678,63.19,641.67,17.95,296.67,Forest,Laterite,6681,1,0.24527349999999998,0
15.83056188661715,73.8721312393646,28.38,370.94,418.28,358.3,Agricultural,Alluvial,6163,0,0.046926999999999996,0
15.718045154301956,73.34996240226401,228.52,673.79,84.42,356.97,Mangrove,Laterite,17472,1,0.36220949999999996,0
17.626846514928662,73.26694364652506,152.38,776.04,72.76,149.32,Agricultural,Laterite,1893,1,0.191182,0
18.971586867857617,73.4205014313326,18.29,486.7,636.78,65.84,Forest,Laterite,5398,0,0.042624999999999996,0
15.570075972281996,73.14926510002738,138.01,542.74,24.86,370.4,Forest,Laterite,8968,1,0.165147,0
17.224402186057468,73.0493924669234,52.07,3712.72,420.89,187.33,Forest,Laterite,8620,0,0.23770600000000003,0
18.39524080269976,74.12495295527633,28.33,1061.17,311.39,150.55,Agricultural,Laterite,10393,0,0.0813885,0
18.470739659158152,72.65856656189044,386.72,1701.35,61.56,49.8,Agricultural,Clay,5597,1,0.5717875,0
17.391673601126946,74.02143809103188,86.38,1127.99,523.24,211.13,Water Body,Clay,996,0,0.2427795,0
16.328545362315147,74.06410115084536,145.62,520.21,168,314.63,Forest,Clay,2262,0,0.2716305,0
16.651325247531055,73.92406720830971,246.74,876.16,750.91,275.94,Forest,Laterite,12331,0,0.290548,0
16.107114507614003,74.20871197793738,99.76,316.56,562.49,343.39,Agricultural,Laterite,7940,0,0.115588,0
16.881196769568085,72.9151024035813,59.94,851.32,216.71,223.77,Forest,Laterite,10921,0,0.10250600000000001,0
16.63555072416185,73.98810403780277,109.09,554.79,302.54,280.51,Water Body,Clay,7787,0,0.2368295,0
16.90809848163369,72.93550520268352,201.22,1366.17,545.35,220.93,Agricultural,Laterite,13164,0,0.2695285,0
17.47933285703743,73.42782788405245,245.91,1349.44,472.87,170.69,Forest,Laterite,9754,0,0.313382,0
15.893292349080843,73.6603156574533,82.62,252.18,156.35,345.09,Agricultural,Laterite,5041,0,0.09522900000000001,0
16.499763016893233,73.63861229457699,93.71,332.77,65.41,280.15,Agricultural,Sandy Loam,6592,1,0.11034849999999999,0
18.39224043114931,72.9786306496741,93.77,413.63,121.62,59.28,Agricultural,Laterite,6419,0,0.1144515,0
16.467534595631168,72.85375578660972,91.46,188.72,624.03,269.28,Agricultural,Laterite,18783,0,0.10089599999999999,0
18.948675882378684,72.64073122714524,82.43,931.88,64.71,17.62,Agricultural,Laterite,12443,1,0.12902400000000003,0
15.739145079045386,74.12332478759284,248.08,232.43,62.93,377.04,Agricultural,Clay,3174,1,0.3597015,0
16.549996398625982,74.15045718222576,39.86,1111.54,549.42,296.92,Forest,Sandy Loam,10942,0,0.095437,0
18.5279223102331,73.18488580428499,158.37,606.82,125.02,57.83,Forest,Laterite,3930,0,0.18871100000000002,0
16.983404474363905,73.22544847002332,59.84,184.76,407.9,216.86,Forest,Clay,3179,0,0.169078,0
16.669331516598096,73.26845334853688,46.81,777.51,74.55,251.83,Mangrove,Laterite,14242,1,0.1856855,0
19.38961325121562,73.78770303958471,122.54,700.29,64.84,117.19,Water Body,Laterite,14160,1,0.15755450000000001,0
15.556930383108401,74.39389650620151,68.6,393.75,78.93,406.96,Agricultural,Laterite,8052,1,0.08828749999999999,0
18.05454632360643,72.5244015729424,186.42,1119.36,538.48,98,Mangrove,Laterite,7830,0,0.34238799999999997,0
17.639015491205623,73.98251577522947,303.74,162.98,279.25,187.39,Urban,Clay,4006,0,0.41188899999999995,0
18.369521303655684,72.85486134946693,57.55,472.64,633.18,59,Agricultural,Laterite,4973,0,0.081182,0
18.035622807534175,72.89285165784209,31.03,268.41,441.06,96.18,Agricultural,Laterite,10365,0,0.044450500000000004,0
17.270567261499043,73.78525470487473,123.07,374.39,541.79,208.33,Forest,Laterite,15987,0,0.14178949999999998,0
16.698549069887395,74.23452193337963,52.87,751.18,784.06,287.22,Water Body,Laterite,14054,0,0.090429,0
17.538191719964335,73.49157585446731,41.47,864.53,34.24,167.54,Agricultural,Sandy Loam,11436,1,0.0846965,0
18.551410592550123,72.92643289725781,100.41,696.81,526.67,40.82,Agricultural,Laterite,3632,0,0.1352505,0
17.084959947640037,72.84355458397205,38.05,405.54,516.66,200.94,Agricultural,Clay,15281,0,0.158327,0
17.3879266957739,74.21247507385074,61.92,467.21,44.97,224.38,Agricultural,Laterite,1025,1,0.0852805,0
19.259949219348464,72.61061485065044,80.81,267.77,672.97,44.55,Forest,Clay,4710,0,0.1941985,0
16.99390074681279,73.1436915908381,215.58,737.17,452.06,214.09,Water Body,Laterite,3317,0,0.2524385,0
18.391396596422275,74.38298831464743,124.25,970.46,58.61,176.26,Forest,Laterite,4508,1,0.172773,0
16.977795315925015,74.3472121847307,30.09,1105.01,41.38,268.56,Forest,Laterite,8117,1,0.08534050000000001,0
17.74734553957001,73.3765223956887,66.07,1093.85,68.96,141.39,Forest,Clay,16233,1,0.2207625,0
16.944918450865252,74.04540597566725,187,484.15,239.29,253.44,Mangrove,Laterite,10853,0,0.31120749999999997,0
15.592553232320247,72.73838087383271,81.2,652.19,739.09,366.1,Agricultural,Laterite,18799,0,0.11380950000000001,0
19.339153036600695,74.24616177079496,65.93,425.08,152.89,159.74,Forest,Laterite,7541,0,0.087184,0
18.694363907381902,74.19259868340919,25.87,2935.18,293.81,148.56,Agricultural,Sandy Loam,9235,0,0.172629,0
15.792103146960551,73.7956797268275,68.15,2893.12,115.04,359.87,Agricultural,Laterite,1459,0,0.212806,0
16.400919745039474,73.35429929421089,54.48,949.3,565.78,282.77,Urban,Laterite,14051,0,0.101945,0
18.359617855168672,73.65371215570875,43.11,496.54,761.15,108.13,Forest,Laterite,16123,0,0.067937,0
16.80984419198501,73.13067249847153,49.79,415.8,755.41,233.98,Forest,Laterite,13631,0,0.07058,0
19.27754653810385,72.74622019878264,295.95,598.7,59.02,42.17,Forest,Alluvial,14638,1,0.325885,0
18.39807336081553,72.74340750519757,97.52,1098.42,789.61,55.88,Urban,Laterite,7238,0,0.152441,0
19.279587371854596,72.53229092072331,75.38,503.87,762.16,50.59,Agricultural,Laterite,9235,0,0.1005735,0
18.74067769615907,74.25188363300802,9.22,685.21,127.29,154.05,Agricultural,Laterite,5568,0,0.0434805,0
17.1595054812208,72.81496538846551,40.43,1119.24,10.94,192.65,Forest,Laterite,5939,1,0.246392,0
16.99273648586812,74.18284997739168,93.41,291.77,633.75,256.94,Urban,Laterite,1353,0,0.10799850000000001,0
19.08875477977692,72.68424779802386,94.54,1910.36,522.29,24.19,Agricultural,Laterite,14229,0,0.190058,0
16.527446482425887,73.14575291658005,109.7,859.04,681.76,265.14,Agricultural,Laterite,3015,0,0.152652,0
19.269156519847975,72.95110368220821,24.83,207.04,258.36,43.85,Forest,Clay,10202,0,0.135182,0
17.348596652399195,73.68156931578989,103.98,455.92,615.49,195.42,Water Body,Clay,8953,0,0.226776,0
18.676779425081495,74.45906123790402,8.69,1216.71,108.2,176.64,Agricultural,Sandy Loam,8905,0,0.0695255,0
18.767957954728,73.6544029624113,89.5,959.7,295.51,91.23,Urban,Sandy Loam,18951,0,0.137485,0
16.24527759120716,73.18196598897858,302.72,622.44,76.33,296.6,Forest,Clay,9110,1,0.43384200000000006,0
19.359014199475013,72.75245633862292,49.31,202.92,711.31,51.06,Forest,Laterite,16657,0,0.059456,0
19.38671906306516,72.86522475477395,240.02,676.84,643.14,54.31,Forest,Clay,8498,0,0.373862,0
16.10708476790437,74.2198523958111,105.96,520.64,53.09,343.91,Forest,Laterite,8998,1,0.131992,0
18.93576325828386,72.95251498882828,109.91,583.64,778.4,16.55,Agricultural,Laterite,16953,0,0.139092,0
19.074977978365,73.43600829425337,34.41,743.35,61.31,69.72,Mangrove,Laterite,3118,1,0.1715775,0
17.423728490544594,72.82050591356446,38.3,786.01,258.41,163.41,Water Body,Laterite,2953,0,0.07760049999999999,0
18.458619939861588,74.38868221152302,37.04,1785.29,182.1,174.57,Forest,Laterite,6758,0,0.12630450000000001,0
18.141685737319946,73.09764443073036,32.49,621.81,91.05,89.63,Forest,Laterite,5681,1,0.0635805,0
19.064466990692985,72.72567514519243,92.55,3545.54,75.85,19.82,Forest,Laterite,16346,1,0.26982700000000004,0
18.960340272264165,72.98258518978001,163.82,886.09,275.87,20.36,Forest,Laterite,4156,0,0.20812449999999996,0
17.47990433041418,73.68216887762796,148.81,2496.77,686.19,182.8,Forest,Laterite,1932,0,0.2736485,0
15.931190716932505,74.176411297822,140.34,283.05,60.38,359.64,Urban,Clay,5290,1,0.2544925,0
18.6525454056336,74.20446606666957,118.6,1466.63,117.95,150.59,Agricultural,Laterite,2694,0,0.19193149999999998,0
19.1826787713809,74.1037904922422,177.09,103.29,781.51,140.77,Forest,Laterite,5035,0,0.18225449999999999,0
18.296417712896336,73.7696146557208,114.53,1458.07,78.1,122.21,Forest,Laterite,5138,1,0.18743349999999998,0
17.965610907621226,73.97971865244442,173.47,399.16,367.89,161.95,Forest,Clay,5174,0,0.293428,0
17.251076397174007,73.22292643420057,38.26,392.87,307.34,187.92,Agricultural,Laterite,9955,0,0.0579035,0
16.294478449027647,72.68108443486192,125.76,556.87,53.28,288.64,Forest,Sandy Loam,12832,1,0.1536035,0
18.44512941880742,74.25292891096251,221.43,1729.31,678.29,161.34,Forest,Laterite,1633,0,0.3078955,0
16.397874409951207,73.89015820597503,47.99,430.82,307.76,300.11,Mangrove,Sandy Loam,12670,0,0.169531,0
17.158103363404344,73.60245230791529,117.14,2078.22,722.02,210.69,Mangrove,Clay,11927,0,0.42105099999999995,0
16.554229361752114,73.24045700377992,355.7,453.09,13.45,263.79,Water Body,Alluvial,11767,1,0.5283545,0
17.815833870433707,72.69324281783419,401.72,1230.8,678.41,120.53,Forest,Laterite,12298,0,0.69489,1
16.39585520223637,73.03826687595634,86.57,202.52,727.09,278.3,Agricultural,Clay,9732,0,0.19669599999999998,0
15.76165103777451,73.93773758822815,117.6,1981.22,592.95,367.78,Water Body,Alluvial,9411,0,0.216661,0
16.739301101517547,73.89441194645565,62.1,1528.97,636.41,265.8,Mangrove,Laterite,16893,0,0.23854850000000002,0
15.711883685353808,74.00893264052793,122.64,577.56,785.85,375.51,Urban,Alluvial,1698,0,0.15151799999999999,0
19.215304717271778,73.95733423709125,66.75,427.27,663.44,126.72,Forest,Laterite,3542,0,0.08811350000000001,0
16.744781534527448,72.85482190113161,85.05,311.2,345.84,238.61,Agricultural,Laterite,10929,0,0.10060999999999999,0
17.59546909504437,72.54080152331741,128.27,253.36,774.52,146.97,Agricultural,Laterite,4835,0,0.140938,0
18.700152692352088,73.63615731244333,74.43,193.09,474.65,90.88,Mangrove,Laterite,8480,0,0.18408449999999998,0
17.795940046814927,74.28287353278246,166,395.43,3.03,198.74,Forest,Laterite,12005,1,0.3357715,0
16.746661392898336,73.0828618870344,69.78,857.77,522.45,240.21,Mangrove,Sandy Loam,15135,0,0.2126685,0
17.6919217357567,73.27769168889616,88.63,744.69,267.62,142.93,Urban,Laterite,1923,0,0.1258645,0
15.734496740001752,74.46469126524217,95.58,1624.5,693.44,392.48,Forest,Clay,7963,0,0.27680499999999997,0
18.308823631165197,73.54334563604273,192.67,470.98,29.3,102.16,Agricultural,Laterite,2504,1,0.216219,0
15.59533660087703,72.70863700392118,115.28,3365.95,469.29,365.86,Forest,Sandy Loam,14019,0,0.2835775,0
18.491405543693194,73.64254982088188,40.58,1884.59,476.43,99.72,Urban,Clay,10690,0,0.2348095,0
17.595937754190587,72.85658023519434,73.69,910.93,244.72,144.46,Agricultural,Laterite,3776,0,0.1192365,0
18.25755808104071,74.34862447217765,234.18,1357.56,4.48,178.26,Forest,Laterite,13744,1,0.45205799999999996,0
17.191362401258818,73.64107946619649,290.44,1039.48,391.12,209.03,Agricultural,Laterite,12205,0,0.342414,0
17.452865965766474,73.70025925353809,134.81,1083.89,256.08,186.35,Agricultural,Laterite,2300,0,0.18900450000000002,0
17.647758821468905,72.83473347043251,182.97,1750.42,300.51,138.65,Water Body,Laterite,5837,0,0.27049100000000004,0
19.042398538709477,72.90425221547795,25.64,283.62,435.17,19.21,Forest,Laterite,3557,0,0.039820999999999995,0
18.550165644097827,74.11281822722256,51.69,602.39,128.74,143.77,Water Body,Clay,11240,0,0.1818095,0
18.399640629229584,72.58751579476596,40.94,671.77,335.12,59.75,Urban,Laterite,2339,0,0.0745285,0
16.483104485322833,73.55711320471475,114.1,1022.22,533.01,279.29,Forest,Sandy Loam,1868,0,0.165211,0
19.106078449004666,73.86863321414086,20.09,1264.72,3.52,114.81,Agricultural,Laterite,15437,1,0.23332599999999998,0
18.07916061240598,73.06493690141454,131.39,1946.12,341.6,95.07,Mangrove,Laterite,6549,0,0.328696,0
19.017777245048734,72.94767967081677,59.11,1880.22,212.22,20.29,Urban,Laterite,3154,0,0.153121,0
17.33972827823077,73.92137165188498,110.08,287.34,759.32,209.54,Agricultural,Laterite,6422,0,0.124447,0
17.053771420226013,73.22712052371801,65.75,978.43,233.68,209.29,Forest,Sandy Loam,5473,0,0.11467150000000001,0
17.353503720408842,74.22487736886706,216.45,429.89,479.98,228.11,Agricultural,Sandy Loam,6039,0,0.23794449999999998,0
16.29763898900682,73.1753663055851,45.96,1947.46,502.55,290.76,Urban,Laterite,6727,0,0.143333,0
18.97212039644914,72.76111016813844,180.38,2069.45,106.07,8.97,Water Body,Laterite,4912,0,0.4338525,0
19.107215027710687,72.90601414059974,36.83,1385.65,58.34,25.51,Urban,Laterite,4655,1,0.1061125,0
15.905997955868719,73.62377511203009,82.05,806.63,428.7,342.72,Mangrove,Clay,17186,0,0.3223815,0
18.155476359885984,72.79329258068181,88.01,296.52,219.32,82.41,Forest,Clay,15215,0,0.20283600000000002,0
17.839564817306705,72.86366733085116,342.46,2737.59,98.78,117.57,Water Body,Laterite,8836,1,0.47933950000000003,0
18.209492635536662,74.33352801426479,30.08,862.91,78.66,179.03,Forest,Alluvial,1381,1,0.0732255,0
19.06419079274901,73.33547732221636,39.88,369.72,741.15,59.24,Agricultural,Sandy Loam,9219,0,0.05836600000000001,0
18.30205954035032,73.02622678054766,56.78,1250.63,121.96,70.36,Water Body,Sandy Loam,10620,0,0.1193115,0
15.576848635158255,73.26134223043385,14.98,998.9,85.36,371.04,Urban,Laterite,3040,1,0.06492500000000001,0
16.884956381294643,73.0231758736429,43.77,235.2,663.83,224.27,Water Body,Sandy Loam,1559,0,0.055529999999999996,0
16.01410331744631,74.0241267101027,51.88,164.89,161.17,344.84,Forest,Clay,13439,0,0.1601245,0
17.969842674445594,72.81248758111529,134.68,434.69,10.58,102.96,Forest,Clay,14786,1,0.4064145,0
19.20624771956073,72.8711496158198,85.58,163.17,537.82,34.72,Forest,Sandy Loam,8563,0,0.0937385,0
16.244259520447564,73.07612698870248,152.96,409.7,780.91,295.38,Agricultural,Clay,3595,0,0.27344500000000005,0
18.894465217632217,74.01257248210878,49.41,1281.48,548.42,127.75,Forest,Laterite,10635,0,0.113484,0
17.622203380077572,73.80968433455462,21,1542.04,8,177.21,Urban,Clay,17248,1,0.348102,0
18.198004486806145,73.13679609579054,201.81,1324.91,56.92,85.45,Urban,Laterite,10755,1,0.2680555,0
17.42179523022304,73.49938986152779,196.67,753.75,425.46,179.57,Agricultural,Sandy Loam,6665,0,0.2343575,0
19.096358283293025,73.40435281623431,35.41,594,321.71,67.24,Mangrove,Clay,5499,0,0.26511,0
17.237525069456552,74.13480959328669,9.4,449.46,210.82,232,Urban,Sandy Loam,3999,0,0.031873,0
17.446139085496217,73.94745840876008,85.56,276.35,302.53,201.57,Forest,Sandy Loam,6090,0,0.09937750000000001,0
15.551870374585889,73.11601535426838,38.16,1035.24,190.6,372.06,Forest,Clay,5543,0,0.189922,0
19.381722821996302,72.62624998417064,88.45,368.05,710.31,56.37,Forest,Sandy Loam,11593,0,0.1068525,0
17.719982991837185,73.65443959524957,66.62,312.76,779.79,158.8,Forest,Laterite,12133,0,0.082258,0
16.496396258133288,73.626596040573,36.46,716.71,94.71,280.1,Urban,Laterite,11410,1,0.07229550000000001,0
18.665126316843796,73.05242073106628,35.58,297.89,329.05,37.2,Urban,Laterite,11531,0,0.0504745,0
19.326670507193676,73.46939542867668,63.72,816.27,719.34,84.8,Agricultural,Laterite,11670,0,0.1045335,0
17.191965302844228,74.13717306930872,7.41,1596.83,425.46,236.18,Water Body,Laterite,7857,0,0.08725150000000001,0
17.875380261067725,74.01692313423882,29.51,233.47,214.03,171.46,Forest,Alluvial,2098,0,0.041183500000000005,0
16.806152151601765,73.45420303000245,35.36,557.8,326.72,241.89,Forest,Clay,9130,0,0.16325,0
16.79605664508393,74.01298274947003,15.81,1934.84,748.86,265.99,Forest,Laterite,15544,0,0.112552,0
16.440054389591793,74.00931913197513,81.56,650.17,549.27,300.97,Forest,Laterite,12155,0,0.1140685,0
17.29399258372368,72.73049829546756,51.28,723.1,22.55,177.91,Forest,Laterite,15927,1,0.08743500000000001,0
19.317684080317115,72.77534622699892,64.62,902.47,302.75,46.31,Forest,Clay,7786,0,0.2097435,0
15.66052008271588,73.67933732324848,46.35,794.09,16.42,370.51,Forest,Laterite,4565,1,0.2360545,0
17.72505087775888,73.52175924760729,38.37,830.42,282.24,150.78,Forest,Laterite,6442,0,0.07989099999999999,0
19.3709390953603,73.84369274246403,30.38,123.73,29.86,121.55,Agricultural,Laterite,12229,1,0.0365665,0
16.943753286116713,72.60873510908827,134.67,1346.91,316.93,217.46,Forest,Laterite,3779,0,0.2020155,0
19.287180296180907,73.27714344441844,65.98,786.34,492.58,66.02,Forest,Alluvial,2445,0,0.105297,0
15.929046359193693,72.50054147620024,7.53,277.36,779.66,330.34,Urban,Laterite,6103,0,0.021398,0
15.589578130765853,74.04088737122704,55.12,1907.62,751.73,389.41,Agricultural,Laterite,10448,0,0.150501,0
17.320978309803955,74.2728800114956,160.85,347.88,126.01,234.19,Agricultural,Laterite,17003,0,0.17824399999999999,0
17.8070427446785,72.58806742216066,21.05,437.6,661.36,123.03,Forest,Laterite,4073,0,0.04293,0
17.291956508468207,72.5038971751308,143.03,1502.95,48.85,180.72,Forest,Sandy Loam,4620,1,0.2181775,0
15.853663998784096,73.23459430718806,240.67,113.12,54.08,340.3,Forest,Clay,3452,1,0.34632599999999997,0
17.107116769913134,73.43496835207213,69.49,3776.44,479.59,209.52,Forest,Laterite,4265,0,0.258312,0
16.050565967941406,74.3494381511013,141.33,787.1,34.35,355.71,Water Body,Alluvial,8467,1,0.180685,0
17.660844166061207,74.1640261820673,38.3,178.38,393.28,199.03,Forest,Laterite,7380,0,0.047219,0
17.80185836565615,73.00943432650723,112.4,1883.95,48.92,123.55,Forest,Sandy Loam,7765,1,0.20659750000000002,0
17.079842076394588,73.81378379194976,77.77,1994.67,22.58,228.28,Agricultural,Laterite,10300,1,0.1775035,0
19.07273414115888,74.43856092549132,222.59,224.26,246.47,173.6,Agricultural,Alluvial,1570,0,0.23380299999999998,0
15.624389776461841,72.74215106974673,42.6,302.47,42.19,362.57,Forest,Laterite,4769,1,0.05772350000000001,0
17.05098925158131,72.91689680969397,84.69,615.96,443.93,205.02,Forest,Laterite,4293,0,0.11548800000000001,0
17.394389953052247,74.09566347872847,190.28,514.43,94.91,215.79,Agricultural,Alluvial,1873,1,0.21600149999999999,0
17.44979359981565,74.31175083051366,94.36,519.14,788.8,226.59,Forest,Laterite,3884,0,0.120317,0
17.142428371159845,72.52058790153002,33.09,570.68,587.99,196.77,Forest,Sandy Loam,4265,0,0.061624,0
15.970674267358081,73.53347264962046,40.67,847.33,778,333.43,Forest,Laterite,1026,0,0.0830365,0
18.602960459724986,74.11360531529593,16.88,332.8,22.87,142.36,Agricultural,Clay,2724,1,0.13352,0
16.056821231007547,73.98071278600092,86.62,744.6,174.43,338.73,Agricultural,Laterite,10061,0,0.12385000000000002,0
15.767754199063043,72.67448591087424,94.3,330.94,561.9,346.91,Agricultural,Laterite,2304,0,0.11084699999999999,0
18.659992654808242,72.8710203704554,81.68,432.25,591.03,27.6,Forest,Laterite,2844,0,0.10329250000000002,0
18.163644768771157,73.67114570037305,6.56,294.86,169.33,122.89,Forest,Clay,13155,0,0.12130300000000001,0
15.783674155059826,73.8341646958434,194.87,193.76,537.94,361.98,Water Body,Sandy Loam,2205,0,0.20455800000000002,0
17.227484138098625,74.24133745313418,151.16,454.46,74.86,239.89,Forest,Clay,13927,1,0.273883,0
18.084163840766884,74.01086033337332,37.94,184.1,121.64,156.54,Forest,Laterite,11323,0,0.047145,0
15.6597941925979,73.05477886487942,58.11,1834.07,60.53,359.62,Water Body,Sandy Loam,7273,1,0.1498135,0
17.044375412387183,74.24231810628635,158.06,2898.79,501.79,255.96,Agricultural,Laterite,17134,0,0.3029995,0
17.630956456571745,73.73273331867703,21.03,786.7,32.42,171.63,Forest,Laterite,3632,1,0.060365000000000016,0
16.83999393933033,73.85220023112802,57.72,886.18,650.83,253.81,Urban,Clay,9815,0,0.20202900000000001,0
16.945947757739454,73.58555183638488,64.91,761.84,87.61,231.73,Agricultural,Laterite,3543,1,0.10300200000000001,0
18.08990933923654,73.49391137622295,52.32,320.97,202.44,115.8,Agricultural,Laterite,12129,0,0.0683685,0
19.435470264943866,72.50653414527396,43.12,1952.43,58.36,66.83,Forest,Laterite,4398,1,0.14074150000000002,0
19.426310551992277,73.75622545155431,97.62,586.67,186.04,116.24,Urban,Alluvial,12882,0,0.1269535,0
16.609424087627577,73.59698139928614,56.05,729.43,537.05,267.23,Forest,Laterite,3924,0,0.09252149999999999,0
17.914645182210716,74.00345312456393,121.67,468.92,212.28,167.52,Agricultural,Clay,12054,0,0.245116,0
15.998253109922517,72.99238590665732,80.35,2674.1,27.95,321.8,Forest,Clay,8195,1,0.314055,0
17.898865337657618,73.2734065867389,47.08,491.57,530.54,121.58,Forest,Laterite,3767,0,0.07165850000000001,0
18.19324465070724,73.3733005790351,10.79,504.82,201.16,98.91,Forest,Sandy Loam,3396,0,0.036031,0
17.116025245402184,72.93585671952683,70.53,171.88,68.65,197.97,Agricultural,Clay,6524,1,0.179124,0
18.70040255850194,73.27773975687707,69.1,635.88,8.95,54.99,Forest,Laterite,14586,1,0.250894,0
16.53943635459336,72.81619639945838,48.02,699.41,125.41,261.27,Forest,Laterite,2594,0,0.08299050000000001,0
19.163399671279002,72.68475356125012,24.27,607.25,27.85,31.58,Water Body,Laterite,3378,1,0.0546325,0
15.767115599865187,74.24362021822141,132.97,384.29,217.55,379.15,Forest,Alluvial,10238,0,0.15218449999999997,0
15.769528412009368,72.70302060647374,32.37,2424.62,752.51,346.61,Forest,Laterite,11199,0,0.153601,0
17.552983636060528,72.54143591971565,101.05,385.97,83.43,151.58,Agricultural,Laterite,6558,1,0.1203485,0
18.3408367368542,73.92685938251338,38.73,329.96,442.97,134.06,Urban,Laterite,13928,0,0.05522799999999999,0
17.366480856004504,73.79470650767215,104.65,1280.26,276,199.72,Water Body,Laterite,2980,0,0.168663,0
15.645666694846541,72.64683414399323,30.88,528.44,441.06,360.53,Urban,Laterite,6496,0,0.057302,0
17.861719661668666,74.01751239224114,35.04,563.5,90.37,172.51,Forest,Laterite,5566,1,0.06321500000000001,0
16.318769677379706,72.76082821809948,35.99,277.5,736.57,285.71,Water Body,Sandy Loam,8459,0,0.04986500000000001,0
16.91909753743095,73.52512300836455,94.85,1757.94,235.44,232.32,Water Body,Laterite,3173,0,0.182747,0
18.344420092153253,73.03921721964906,11.97,685.17,658.96,66.48,Agricultural,Clay,5525,0,0.1462285,0
18.704895839601683,73.67124232833531,322.17,551.12,483.59,94.35,Urban,Laterite,15285,0,0.34972600000000004,0
17.01169995457387,73.82123252323674,86.97,458.23,9.32,235.33,Forest,Laterite,1964,1,0.2598815,0
15.54845893244623,72.76588404468437,82.68,527.27,21.06,370.94,Mangrove,Laterite,4396,1,0.31356525,0
17.430658304304245,72.63217814593158,92.93,2102.88,421.72,163.6,Water Body,Clay,12962,0,0.29807400000000006,0
19.322673706904762,73.01616672541266,114.55,1267.18,468.7,52.02,Agricultural,Sandy Loam,7386,0,0.17790899999999998,0
16.6158584596571,73.68770064083184,11.25,411.51,606.99,269.76,Agricultural,Alluvial,11891,0,0.0318255,0
16.53056910951426,74.14813798886496,113.61,627.79,479.55,298.69,Forest,Clay,8013,0,0.2449995,0
16.69633811954049,72.98498837891884,133.66,1796.11,5.69,244.68,Agricultural,Laterite,6784,1,0.3734655,0
15.622382054739768,74.3751880432722,31.35,1851.81,58.84,399.53,Agricultural,Sandy Loam,4161,1,0.12394050000000001,0
18.718118046668007,73.172222571957,125.77,287.02,93.44,44.1,Urban,Clay,18355,1,0.240121,0
15.508349045253043,72.85514614034719,33.96,371.78,35.73,375.41,Agricultural,Laterite,5098,1,0.052549000000000005,0
15.655768990406857,73.66572700563589,40.02,928.17,682.26,370.66,Forest,Laterite,13004,0,0.0864285,0
16.12957616577935,74.05215033441696,103.5,391.82,337.06,334.2,Forest,Laterite,5420,0,0.12309099999999999,0
17.535503515791856,73.08730653902127,165.67,1153.77,30.93,154.05,Forest,Laterite,10081,1,0.22335849999999996,0
15.647190603001508,72.61749617141012,173.89,474.58,437.12,360.52,Agricultural,Sandy Loam,10528,0,0.197619,0
16.710184006018526,73.91822153642434,72.49,531.9,80.36,269.8,Forest,Sandy Loam,9357,1,0.09908499999999998,0
17.089958542100334,73.91828346047662,65.33,569.34,56.66,232.72,Agricultural,Laterite,16107,1,0.093797,0
17.163204136288652,73.4737884085703,127.58,406.7,597.96,205.04,Urban,Laterite,2758,0,0.147915,0
18.586272115240217,74.43854817004616,45.19,3790.9,27.34,176.24,Forest,Laterite,8665,1,0.35210250000000004,0
17.948898023267418,73.3698753233211,90.09,765.27,4.45,121.27,Forest,Laterite,6801,1,0.27835350000000003,0
19.012937498606597,74.35809681510244,49.93,834.23,556.44,164.57,Forest,Laterite,4275,0,0.0916415,0
16.561463654168993,73.5614856366697,16.09,592.59,771.05,271.13,Urban,Laterite,15537,0,0.0457195,0
15.565373614482636,74.23709185350832,179.02,3678.65,447.64,399.44,Agricultural,Laterite,4632,0,0.3629525,0
15.963486637331066,72.96966682263655,66.2,180.13,552.79,325.5,Water Body,Laterite,15220,0,0.0752065,0
18.42406631285528,72.83804526414659,60.02,296.16,36.14,52.83,Urban,Laterite,9888,1,0.074828,0
18.056090416568214,72.65245154474398,37.66,1081.3,635.43,94.7,Forest,Laterite,6686,0,0.091725,0
15.98839004281884,73.83599675617167,57.69,1228.14,232.51,340.51,Water Body,Clay,11947,0,0.21909700000000001,0
18.673239343359587,72.67284840333645,21.13,728.98,63.16,28.46,Forest,Sandy Loam,2746,1,0.057579000000000005,0
17.549679004426665,74.12361886206953,46.92,1529.89,6.69,204.78,Mangrove,Laterite,7887,1,0.3734145,0
17.331412744142877,73.1444280094285,73.34,734.4,360.78,177.4,Forest,Clay,16824,0,0.21006,0
18.94802738617305,72.67045052549362,263.92,731.72,446.04,14.65,Mangrove,Clay,2916,0,0.500506,0
18.743317217602733,74.07229244463484,138.73,726.77,174.6,135.22,Water Body,Clay,9959,0,0.2750685,0
18.762773405897057,74.49856148888226,58.08,458.24,40.69,179.67,Forest,Laterite,10225,1,0.080992,0
18.97801953963711,74.36282063312761,127.26,539.96,333.65,164.84,Water Body,Laterite,8231,0,0.154258,0
15.815355456814746,72.59815740997367,63.26,1306.16,170.31,342.06,Agricultural,Sandy Loam,14812,0,0.12856800000000002,0
17.180684628873095,73.81579502423504,56.16,761.8,428.46,218.58,Forest,Laterite,3301,0,0.09425,0
19.25862868312569,74.29004904320996,52.64,904.49,47.03,161.76,Urban,Laterite,4112,1,0.0978645,0
17.131641954341127,73.86282240633629,177.5,656.4,529.28,225.77,Forest,Sandy Loam,5256,0,0.21032,0
17.118082373551175,73.68154025691067,52.87,273.55,448.37,218.2,Mangrove,Laterite,10838,0,0.16654750000000001,0
18.265199843889206,73.65323202586707,234.9,1561.64,23.09,114.23,Forest,Laterite,9766,1,0.312982,0
16.031848280585404,72.93627134377583,143.64,337.09,607.02,317.76,Urban,Sandy Loam,17253,0,0.16049449999999998,0
17.014898558244713,73.53773186624518,57.15,1181.9,231.6,222.8,Agricultural,Sandy Loam,6996,0,0.11624500000000001,0
19.296572037753386,73.37490163816412,53.38,4103.76,242.69,74.75,Forest,Laterite,4543,0,0.258568,0
17.204609148772168,72.52753523697308,211.72,797.91,414.54,189.85,Agricultural,Laterite,16521,0,0.2516155,0
16.57855797292168,73.4607005748237,86.62,1972.48,790.55,266.31,Agricultural,Clay,2813,0,0.28524400000000005,0
18.384970676029745,73.54405646405833,158.68,1965.13,2.03,97.02,Agricultural,Sandy Loam,14207,1,0.40693650000000003,0
16.508395070126955,72.98858838912453,279.66,310.03,497.57,265.45,Forest,Laterite,10585,0,0.2951615,0
18.383523069744175,73.34969735519837,161.33,333.73,60.16,81.44,Agricultural,Laterite,8844,1,0.1780165,0
19.06102827921164,73.14943011173312,193.89,654.25,582.81,40.89,Forest,Sandy Loam,6023,0,0.22660249999999998,0
15.67550698533533,73.43416575211823,108.43,842.8,250.17,363.17,Forest,Laterite,14792,0,0.15057,0
17.136552724846524,74.48263116598741,140.46,2973.09,275.22,264.27,Agricultural,Clay,1967,0,0.38911450000000003,0
18.25598678818588,73.58215028296468,145.65,1158.97,331.52,109.08,Forest,Laterite,4525,0,0.20359850000000002,0
17.208422860395284,73.19791762433432,71.18,151.15,292.68,191.91,Forest,Laterite,10582,0,0.0787375,0
16.28342422328226,72.91814184483356,33.82,885.82,182.51,289.86,Water Body,Laterite,12598,0,0.07811100000000001,0
17.22729009848623,73.87583425735336,75.03,1498.03,210.27,217.36,Forest,Laterite,4015,0,0.1499315,0
18.750398193782246,73.03228020241406,104.79,1248.06,53.28,29.56,Agricultural,Alluvial,3433,1,0.16719299999999998,0
18.846760117850202,73.39015157936775,63.98,1179.8,640.79,62.46,Agricultural,Laterite,2871,0,0.12297,0
18.27807048340973,74.3016618796258,49.73,486.38,616.33,172.8,Forest,Laterite,13583,0,0.07404899999999999,0
18.69577157874188,72.98096582156421,18.44,709.62,158.5,29.58,Agricultural,Laterite,5119,0,0.05392100000000001,0
16.044719810131493,72.8566201186779,84.53,231.71,537.39,316.06,Forest,Clay,2476,0,0.1961155,0
18.540558377559258,73.42179841048471,155.08,528.27,119.13,76.7,Agricultural,Laterite,2519,0,0.1814935,0
16.159695737289145,73.98439608228165,138.37,1093.14,43.9,328.32,Water Body,Clay,11606,1,0.29302700000000004,0
18.493886976499667,73.70974154808881,172.13,303.83,50.4,105.97,Forest,Laterite,2536,1,0.18732149999999997,0
18.75106350028347,73.70069658261751,119.46,580.85,223.01,96.36,Urban,Laterite,4921,0,0.14850249999999998,0
17.375497550975773,73.51428737394049,92.72,1557.9,162.08,184.89,Urban,Laterite,5957,0,0.17061500000000002,0
17.752006027786205,72.97160354872007,36.61,383.52,356.35,128.35,Urban,Clay,10532,0,0.155786,0
17.710173300334457,72.57875199057187,93.25,271.66,422.02,133.76,Forest,Alluvial,11433,0,0.106833,0
19.31242176707378,74.21231269724134,106.15,323.89,91.52,155.46,Urban,Laterite,16457,1,0.1223445,0
18.075109695716055,73.59495533925958,94.09,433.85,18.77,124.04,Agricultural,Laterite,3261,1,0.2657825,0
15.762122218057542,73.89328908026341,132.36,231.84,611.39,366.2,Agricultural,Laterite,13678,0,0.143952,0
18.525917819648715,72.76102075529481,173.63,598.32,25.18,41.61,Agricultural,Laterite,4675,1,0.20354599999999998,0
19.428833563078413,73.27976170415687,70.78,232.14,573.03,77.29,Forest,Clay,3630,0,0.182387,0
18.961872127992898,73.95849257742262,149.99,186.94,51.3,122.22,Mangrove,Laterite,11306,1,0.259337,0
18.423120293288385,73.23674358787304,113.89,502.74,581.78,70.07,Forest,Clay,18490,0,0.239027,0
16.665504999125513,72.90927974755296,47.53,1154.95,510.99,247.58,Water Body,Laterite,11995,0,0.10527750000000001,0
18.723791959946624,72.6801152541425,168.31,455.2,133.83,23.24,Mangrove,Laterite,8938,0,0.29107000000000005,0
16.291960611718327,72.93356451592902,80.08,3867.06,91.81,289,Agricultural,Laterite,18313,1,0.273433,0
15.88123117273191,74.42147987336939,283.01,1256.1,738.06,375.9,Forest,Laterite,8286,0,0.345815,0
16.83835392530659,73.33004537391685,112.22,687.59,333.7,234.99,Agricultural,Laterite,12340,0,0.1465995,0
17.884288433781293,74.4207371432301,374.86,3429.45,526.82,204.86,Forest,Sandy Loam,4889,0,0.5463325,0
15.783650750175525,72.74634729133311,106.18,352.51,377.9,344.94,Agricultural,Sandy Loam,3108,0,0.12380550000000001,0
19.48773155830142,72.88941185430588,47.44,352.14,336.39,65.73,Forest,Laterite,9951,0,0.065047,0
18.929109118304467,73.08789676621635,104.65,4867.52,644.61,30.5,Forest,Laterite,6237,0,0.34802600000000006,0
19.36515154810941,73.98751428792414,104.57,1199.34,93.88,135.13,Water Body,Sandy Loam,7389,1,0.164537,0
16.31272883299953,73.2811794787322,37.4,252.81,222.86,290.87,Forest,Sandy Loam,2092,0,0.050040499999999995,0
17.21917377439367,73.60058278118676,86.24,931.65,64.42,204.43,Forest,Laterite,12523,1,0.1328225,0
16.66160329430292,74.42625811756166,30.93,956.2,78.02,301.84,Forest,Laterite,10656,1,0.07874,0
17.614431832328297,73.31491449544014,46.85,795.86,359.39,152.35,Agricultural,Laterite,7221,0,0.086643,0
19.4727620054621,73.66168725054781,21.42,3175.99,45.31,110.6,Forest,Sandy Loam,11010,1,0.18021949999999998,0
18.324646549605948,73.74755114231394,134.62,780.47,29.64,118.55,Agricultural,Clay,10824,1,0.27364350000000004,0
18.203634461113193,74.02216879995518,105.27,1677.23,498.13,150.29,Forest,Laterite,1518,0,0.1891315,0
17.501753535489392,73.11918658866706,132.27,400.07,229.47,158.4,Urban,Sandy Loam,11470,0,0.1522735,0
18.60507512000531,73.35974918908197,116,178.38,392.39,67.45,Water Body,Clay,10883,0,0.22491899999999998,0
16.73800702576815,74.38606302432257,174.71,207.82,353.26,292.45,Forest,Alluvial,9340,0,0.18510100000000002,0
17.74461316338218,72.53499854856686,3.55,456.02,90.22,130.92,Agricultural,Laterite,7776,1,0.026351000000000003,0
18.89588692140806,72.79448474058853,123.54,1020.67,648.52,0.74,Forest,Laterite,8930,0,0.32457349999999996,0
19.193845684206924,72.93326421104271,115.42,1229.52,746.68,35.42,Forest,Sandy Loam,5881,0,0.176896,0
16.095808155554558,73.6752224236173,202.98,103.49,567.4,323.97,Agricultural,Clay,2246,0,0.3081545,0
15.72060361852598,74.16742055087761,196.57,1272.23,85.44,380.71,Forest,Laterite,2152,1,0.2601815,0
18.09314078924796,72.66020887036673,135.93,939.18,224.03,90.52,Agricultural,Laterite,15905,0,0.182889,0
18.068292868469207,73.75395535146666,18.34,861.39,44.06,136.47,Agricultural,Laterite,10268,1,0.061409500000000006,0
17.296100344819887,72.77946100720794,79.74,1191.17,488.83,177.54,Forest,Sandy Loam,14942,0,0.1392985,0
19.192360223761057,74.46396491171377,116.41,920.68,19.84,178.12,Agricultural,Laterite,16103,1,0.312444,0
16.75680060261127,73.92983782188014,40.24,710.95,694.68,265.72,Water Body,Laterite,2457,0,0.07578750000000001,0
16.1535312533517,73.2596590982768,47.97,415.76,783.5,307.86,Forest,Laterite,2403,0,0.06875799999999999,0
18.17150454357829,73.09345631759015,55.42,501.34,457.19,86.38,Mangrove,Laterite,4601,0,0.180487,0
15.71160048951231,73.40347728438512,155.37,493.02,90.5,358.65,Urban,Laterite,3415,1,0.18002100000000001,0
16.24659329876836,72.52802704027232,38.63,623.62,227.67,295.08,Agricultural,Laterite,3428,0,0.069811,0
17.684500287179276,73.96909594282131,98.01,804.94,678.43,182.7,Water Body,Laterite,12903,0,0.13825700000000002,0
16.208866433605902,73.86306348436945,64.45,149.93,2.29,318.5,Urban,Laterite,5929,1,0.2219465,0
19.208421677186124,72.73798992415628,95.11,1778.76,51.83,34.76,Urban,Sandy Loam,5492,1,0.184048,0
15.509005855802203,73.58124129688187,25.24,203.84,211.45,384.37,Mangrove,Clay,1350,0,0.235432,0
16.84020407614334,74.47774674664859,80.07,768.23,419.71,289.11,Agricultural,Laterite,7574,0,0.11848149999999999,0
18.227447994605228,72.97043836757483,133.79,936.13,43.32,76.59,Urban,Clay,7220,1,0.2805965,0
16.667470444690306,72.75997634676304,180.44,1100.95,416.3,247.13,Agricultural,Laterite,9949,0,0.23548750000000002,0
17.26562223111587,73.21387573962882,41.51,533.02,638.38,186.12,Agricultural,Laterite,6521,0,0.068161,0
17.02179318011546,72.65598371570593,130.74,1009.4,444.73,208.44,Agricultural,Sandy Loam,14701,0,0.18121,0
17.523221984422985,73.93707948692905,37.38,371.16,624.84,194.13,Urban,Laterite,9725,0,0.055938,0
15.502618503528645,73.78709892,155.49,368.02,66.36,390.37,Water Body,Clay,5674,1,0.273891,0
17.97815663611522,73.87122482741826,117.45,325.47,644.87,152.37,Forest,Laterite,3538,0,0.1337235,0
17.594339501654307,73.42137163271896,78,2106.86,272.64,158.75,Mangrove,Clay,12872,0,0.383343,0
18.658140372973243,74.16061673859318,48.51,1265.96,172.17,145.93,Agricultural,Laterite,3579,0,0.11180799999999999,0
18.545992831524845,73.94484168275268,160.71,1066.81,702.32,126.94,Water Body,Laterite,5539,0,0.21405050000000003,0
15.602637080896745,73.79164165988016,104.47,2692.2,324.31,379.85,Agricultural,Clay,3963,0,0.33907999999999994,0
16.276638159353116,73.75625550185413,31.65,692.24,11.32,307.57,Agricultural,Laterite,3706,1,0.21626199999999998,0
18.8320981176104,73.16723027202453,50.75,272.15,161.75,39.42,Forest,Laterite,3738,0,0.0643575,0
16.366383484868184,72.84701932022139,132.46,443.18,9.74,280.46,Urban,Laterite,1994,1,0.304619,0
19.339200842999542,73.03150884736672,268.11,829.46,79.25,54.38,Forest,Laterite,5697,1,0.30958300000000005,0
17.616848467230056,74.49518698635718,161.36,823.59,75.78,228.7,Forest,Laterite,12824,1,0.2025395,0
17.607132362061883,74.21290678928771,69.65,315.81,80.94,206.89,Agricultural,Laterite,13286,1,0.0854405,0
17.834268495632394,73.33102534401857,191.09,73.55,594.27,130.63,Agricultural,Alluvial,7669,0,0.1947675,0
16.858144811775915,73.67664243909664,64.26,804.08,770.6,244.34,Water Body,Alluvial,17798,0,0.10446400000000002,0
15.60158297825233,74.36514904873093,37.72,1055.43,7.27,401.19,Forest,Clay,11843,1,0.3404915,0
18.97394038192561,72.63848515165364,5.01,1002.95,170.26,18.88,Forest,Sandy Loam,8730,0,0.055157500000000005,0
17.043302583290146,73.73992453508228,170.91,1879.44,78.88,228.34,Urban,Laterite,3210,1,0.26488199999999995,0
15.52546152859141,73.23258821436708,103.6,322.94,771.08,376.29,Agricultural,Sandy Loam,10154,0,0.11974699999999999,0
18.730916613827826,72.71172239984641,34,180.61,64.51,20.9,Agricultural,Clay,5630,1,0.1430305,0
15.532459404631917,72.67970196186886,52.17,127.58,116.96,372.91,Forest,Laterite,10130,0,0.058549000000000004,0
18.16062922644697,72.85388232450073,41.78,622.47,56.2,82.04,Forest,Laterite,13254,1,0.07290350000000001,0
19.268550903579406,73.15086847755977,132.21,2090.36,729.76,55.03,Agricultural,Clay,2108,0,0.336728,0
18.97612143104233,73.93657817601466,40.94,329.66,21.73,120.01,Agricultural,Laterite,16210,1,0.057423,0
19.20434853521784,73.15164521607443,40.45,844.1,88.16,50.05,Mangrove,Clay,9340,1,0.282655,0
17.840706946711627,73.78071502302883,50.8,430.96,591.73,156.49,Forest,Laterite,3747,0,0.072348,0
17.72377654730368,73.11612283090916,82.58,1415.07,21.89,134.41,Urban,Laterite,8075,1,0.1533335,0
16.544151719374455,73.00779249634756,231.64,1158.73,412.78,261.67,Urban,Sandy Loam,861,0,0.2895765,0
17.784172838161307,73.3802834014577,38.73,1171.71,91.07,137.9,Urban,Laterite,3098,1,0.0973155,0
19.30494387621618,74.39160857968004,104.47,334.39,5.43,173.37,Forest,Laterite,4393,1,0.2711895,0
17.71684007313685,73.71315993086745,104.4,769.21,617.99,162.69,Urban,Laterite,5404,0,0.1428605,0
16.44718341938934,73.56997913709799,9.72,368.25,500.87,283.49,Urban,Laterite,2299,0,0.028132500000000005,0
18.840736325735605,72.82600949636242,46.54,1074.73,58.69,7.11,Forest,Laterite,3703,1,0.2502765,0
16.60873674314483,74.23571391008679,102.66,664.83,378.47,295.78,Agricultural,Clay,3788,0,0.23590150000000001,0
15.97231685718092,73.87357190138083,163.28,581.1,524.09,343.5,Urban,Laterite,5693,0,0.192335,0
15.91802212981887,74.32657055826049,16.4,287.91,406.35,367.72,Forest,Sandy Loam,1843,0,0.030795499999999996,0
17.787535375131505,73.36289710373109,67.71,996.27,81.13,136.75,Urban,Laterite,3473,1,0.1175235,0
15.860401847495151,72.54541887029762,114.51,1028.91,57.64,337.49,Forest,Laterite,4622,1,0.1659555,0
16.015229642901268,74.1799827638751,123.8,4431.04,619.48,351.31,Agricultural,Sandy Loam,10291,0,0.345352,0
17.775480347758613,73.19047755194013,207.12,336.57,233.53,131.13,Water Body,Laterite,5510,0,0.2239485,0
16.727780633049374,74.34804009095332,83.48,363.89,142.22,291.08,Agricultural,Laterite,6268,0,0.1016745,0
18.94785715910234,72.5447607846907,49.49,282.19,34.24,27.4,Forest,Sandy Loam,3938,1,0.0635995,0
18.341326888395976,73.07091158676718,52.98,3759.82,447.47,68.13,Water Body,Clay,6172,0,0.340971,0
18.64735827768622,73.74581281937483,73.71,1195.12,690.45,103.57,Water Body,Laterite,3084,0,0.13346599999999997,0
18.740351237389433,73.42349175265707,20.3,1036.52,664.27,68.05,Urban,Laterite,2712,0,0.072126,0
17.09455335963279,74.02688848887696,26.29,698.57,668.64,238.35,Agricultural,Laterite,8380,0,0.061218499999999995,0
18.973730376952666,72.71636323592367,68.66,208.5,171.17,12.01,Forest,Clay,2471,0,0.179085,0
15.691193545252,74.24045834374019,71.94,428.29,17.5,386.73,Urban,Laterite,6315,1,0.24335449999999997,0
16.89573426639115,74.2188090760726,153.05,1327.79,243.19,267.97,Agricultural,Laterite,8585,0,0.2194395,0
16.126337880569263,74.11973209559108,258.63,600.7,144.85,337.45,Forest,Laterite,1461,0,0.28866499999999995,0
15.730323552484,73.03200875823177,81.98,256.8,427.15,351.66,Water Body,Laterite,8278,0,0.09482,0
17.67551194930889,74.38295320498995,22.05,850.88,274.5,215.36,Mangrove,Laterite,1935,0,0.16459400000000002,0
17.942233610416924,73.5036720639154,249.93,1761.22,792.79,129.48,Agricultural,Clay,6660,0,0.437991,0
17.256069382582776,72.74055586477616,81.94,974.53,95.55,182.06,Forest,Laterite,6934,1,0.13066650000000002,0
17.784071602409306,72.99648361255674,250.73,596,460.77,125.25,Agricultural,Laterite,14597,0,0.28053,0
19.482682276086393,73.39213595996817,8.81,1307.35,791.63,89.66,Agricultural,Laterite,2076,0,0.07417750000000001,0
17.342967177027873,74.30815292210207,81.19,1270.92,562.31,234.89,Forest,Sandy Loam,15680,0,0.144736,0
18.69674334179426,72.97042146875526,156.32,847.92,78,28.79,Agricultural,Laterite,2517,1,0.198716,0
17.277827261761402,72.54482632474537,256.39,787.9,121.38,181.56,Urban,Laterite,15117,0,0.29578499999999996,0
19.076654352546804,73.10822815500354,34.77,380.73,459.2,37.89,Water Body,Laterite,16981,0,0.05380650000000001,0
16.995197130372162,74.36501394229433,109.47,564.56,680.17,268.2,Forest,Laterite,2537,0,0.137698,0
17.882721555329248,72.68300741560175,142.22,1192.96,59.99,113.27,Agricultural,Sandy Loam,6662,1,0.201868,0
18.5086262342961,73.65719199096068,94.85,305.73,182.54,100.26,Water Body,Laterite,6176,0,0.1101365,0
16.91844017586558,72.58804238579206,41.18,749.78,174.91,220.46,Water Body,Laterite,3530,0,0.078669,0
18.059994490300642,74.26953493959824,58.47,537.87,528.26,180.92,Forest,Laterite,3230,0,0.0853635,0
17.275785714734056,72.80589851082613,67.84,768.98,292.65,179.77,Agricultural,Laterite,16365,0,0.106289,0
18.614661104142744,73.03183644316528,79.15,561.44,52.72,39.94,Agricultural,Laterite,8824,1,0.10722200000000001,0
15.753639909302647,73.09979936590572,47.26,1083.44,35.77,349.67,Urban,Laterite,19313,1,0.101432,0
18.992531186478466,73.92946954678564,29.55,287.19,166.08,119.4,Forest,Sandy Loam,14538,0,0.043909500000000004,0
16.94126474578467,74.41229652283216,188.84,284.13,555.2,276,Water Body,Clay,1673,0,0.3030465,0
17.768877339851585,73.304129493909,21.08,520.84,77.24,136.07,Forest,Laterite,8105,1,0.047122000000000004,0
17.686484653666227,72.583661802809,109.97,213.04,14.55,136.25,Forest,Laterite,7345,1,0.270622,0
19.481105628746338,74.07455373147836,260.19,3103.89,54.59,148.68,Agricultural,Laterite,10008,1,0.4153845,0
17.827078354234324,73.89295859066465,112.17,679.48,706.71,165.67,Forest,Laterite,11930,0,0.146144,0
15.6972021195485,72.74823364039804,34.18,242.34,609.74,354.51,Forest,Laterite,12011,0,0.046297,0
16.328566146530175,73.1287760175549,81.2,230.84,360.67,286.73,Forest,Laterite,1598,0,0.09274199999999999,0
18.124255974630337,73.64479969890614,17.59,2400.7,387.32,123.82,Forest,Laterite,1336,0,0.137625,0
18.66201188955882,73.12148416511339,83.71,1133.22,57.12,42.93,Urban,Laterite,16581,1,0.21055649999999998,0
16.269150071777688,73.5128437251637,129.03,131.27,383.11,300.84,Forest,Laterite,11276,0,0.13559349999999998,0
16.846029332297995,73.07838088354755,29.62,827.04,0.92,229.24,Water Body,Laterite,2902,1,0.220972,0
16.108623304787645,72.86208790485976,195.81,2256.71,317.43,309.01,Forest,Laterite,5781,0,0.3086455,0
15.914625200005325,72.85375503124193,74,739.62,461.95,330.45,Forest,Laterite,1355,0,0.110981,0
17.398341315651237,73.53254075321523,78.38,1238.43,759.24,183.39,Agricultural,Clay,15216,0,0.2403015,0
16.592788471165758,72.76982003441775,171.66,2538.99,203.09,255.38,Forest,Laterite,7501,0,0.29860949999999997,0
16.415230266315213,74.01944430000331,95.2,397.48,626.79,303.92,Forest,Laterite,5531,0,0.11507400000000001,0
16.558908401369692,73.52811220548791,62.97,913.34,715.05,270.37,Forest,Clay,2016,0,0.20863700000000002,0
18.20328253342428,73.35847451171972,62.24,912.15,237.77,97.07,Water Body,Laterite,3255,0,0.1078475,0
18.351700931332275,73.39489880629579,200.73,1286.02,8.49,87.32,Agricultural,Clay,4157,1,0.5150309999999999,0
16.67387931481197,73.78303132472215,184.17,751.33,150.94,267.52,Agricultural,Clay,2221,0,0.3217365,0
18.887179525711286,73.71348105049191,76.68,260.52,123.24,96.25,Agricultural,Clay,5041,0,0.189706,0
17.681274667472877,74.1594870261077,55.78,492.26,125.03,197.12,Water Body,Clay,7316,0,0.18039300000000003,0
18.360621537941306,73.29267804981085,94.2,514.69,741.75,79.17,Mangrove,Laterite,2114,0,0.2199345,0
17.626947886057675,74.13889848493159,314.22,608.03,648.99,199.75,Forest,Clay,4137,0,0.4446215,0
17.883025679687645,72.79416712428079,90.42,3851.73,80.39,112.57,Agricultural,Laterite,7487,1,0.2830065,0
18.605644856542455,74.26959843764789,197.25,609.9,10.47,158.35,Urban,Clay,5627,1,0.477745,0
15.64571675092649,72.6790834346689,177.01,1152.27,287.46,360.39,Water Body,Sandy Loam,8375,0,0.23462349999999998,0
16.150936142249805,72.97093165275852,117.12,1030.56,671.84,304.79,Water Body,Laterite,7347,0,0.168648,0
17.558735755805785,72.5987522112085,119.94,395.92,1.49,149.97,Forest,Sandy Loam,2252,1,0.289736,0
17.588086229143734,73.42261826148585,75.27,1818.71,67.67,159.44,Urban,Laterite,2518,1,0.1662055,0
16.68188682762834,73.24534269249015,113.08,1179.92,457.23,250,Forest,Laterite,11519,0,0.172076,0
18.565737451798157,73.60066292645804,34.77,305.39,102.55,92.19,Urban,Alluvial,12610,0,0.0500395,0
17.11711081612108,72.86475884919626,73.56,825.11,113.68,197.45,Agricultural,Laterite,6158,0,0.1148155,0
15.868110122496656,72.52608382560294,141.99,491.84,688.51,336.81,Mangrove,Laterite,778,0,0.266582,0
17.28808377807301,73.14786201865333,78.9,1453.1,129.37,182.17,Agricultural,Laterite,11084,0,0.151555,0
17.219586027255367,73.59646952453706,60.34,741.61,211.51,204.21,Agricultural,Clay,4065,0,0.1974205,0
17.23379613632053,73.61084158003388,93.84,1020.17,354.86,203.41,Forest,Laterite,5468,0,0.14484850000000002,0
18.875571819470355,73.6386993893157,124.78,183.4,504.12,88.41,Urban,Laterite,4796,0,0.13394999999999999,0
15.814637200632573,74.20956115433341,195.2,2985.8,78.4,372.88,Forest,Laterite,6627,1,0.34448999999999996,0
17.327672609412293,73.91213268176037,150.89,330,9.66,210.09,Agricultural,Sandy Loam,3161,1,0.31738999999999995,0
15.8676082375214,73.92554020274014,79.67,453.45,434.27,356.28,Agricultural,Laterite,12088,0,0.1023425,0
19.02656579004834,74.32682590013563,55.38,459.76,34.66,161.41,Forest,Laterite,4974,1,0.07836800000000001,0
18.618009165102173,72.75283809010514,250.31,245.29,89.85,31.61,Agricultural,Alluvial,3429,1,0.2625745,0
18.809123222113026,73.05689225863841,291.54,701.24,721.2,28.88,Water Body,Laterite,2582,0,0.326602,0
17.58068259513228,74.39063973594328,158.22,440.31,372.64,222.76,Water Body,Sandy Loam,1051,0,0.1802355,0
15.763644339409991,74.0726023666774,30.99,514.08,65.69,372.53,Forest,Laterite,10785,1,0.085041,0
16.409651069253812,74.1338809261053,117.54,578.45,769.89,309.83,Forest,Clay,13621,0,0.2464625,0
17.796009981191386,73.12451674881241,168.34,230.91,52.19,126.92,Agricultural,Laterite,13315,1,0.17988550000000003,0
17.148500065344983,72.76301012330022,54.19,1239.35,95.93,193.9,Urban,Laterite,17263,1,0.1161575,0
16.30873834505002,73.12170925454701,109.3,3424.51,332.6,288.82,Forest,Clay,5935,0,0.38052550000000007,0
18.23840946504998,72.63744147819686,318.8,513.7,82.39,75.21,Forest,Sandy Loam,7517,1,0.344485,0
17.12252628392113,73.04601699082573,111.16,589.69,792.81,198.45,Mangrove,Sandy Loam,7169,0,0.2406445,0
17.688649872053855,74.43534600998278,64.36,2194.28,196.53,218.79,Forest,Laterite,12196,0,0.174074,0
19.208047934672244,73.90937584713282,77.89,520.44,15.95,121.65,Agricultural,Clay,8399,1,0.353912,0
17.663368610647836,73.16661299619545,98.48,1716.19,722.64,142.26,Forest,Laterite,6654,0,0.18428950000000002,0
17.530041543883197,73.27580046794944,126.69,1102.15,580.72,159.76,Forest,Clay,10315,0,0.28179750000000003,0
16.983796147089517,72.9676156836022,237.74,895.46,100.46,212.83,Forest,Laterite,14274,0,0.282513,0
18.63973429184813,74.30019561299518,71.26,2177.47,323.66,160.78,Forest,Sandy Loam,14432,0,0.1801335,0
16.88809808989204,74.09589525542671,157.18,313.96,406.64,261.61,Forest,Sandy Loam,11173,0,0.172878,0
18.316737895943607,74.1890496183803,91.94,808.05,261.42,160.18,Urban,Laterite,17596,0,0.1323425,0
16.651382504623907,73.85507684382857,47.55,973.91,11.85,272.86,Forest,Laterite,13648,1,0.2462455,0
17.213632972407552,73.51296457069478,162.53,179.93,736.9,201.33,Mangrove,Alluvial,13706,0,0.2715265,0
17.966397848484124,72.84852483808763,111.1,979.56,371.55,103.46,Forest,Laterite,6957,0,0.160078,0
19.262280868816646,72.52609644299932,10.33,713.64,407.46,49.39,Forest,Clay,18865,0,0.146012,0
17.503815360875603,73.88877638697949,32.57,411.41,30.68,192.73,Agricultural,Alluvial,1499,1,0.05314050000000001,0
17.070522024952666,73.41695254112746,193.79,325.65,445.26,212.77,Mangrove,Laterite,14209,0,0.3100725,0
16.234579571660433,72.71153572886256,109,106.4,616.06,295.15,Forest,Laterite,12692,0,0.11432,0
15.685579399948402,72.98857058593063,138.43,757.98,109.76,356.31,Water Body,Laterite,5710,0,0.176329,0
17.276287234423876,74.08915661478163,67.15,1001.09,326.29,225.65,Agricultural,Laterite,8390,0,0.1172045,0
17.874386780591788,73.34699546265132,150.92,304.57,154.42,127.39,Agricultural,Laterite,9943,0,0.1661485,0
16.00432935360364,74.31466180749115,30.7,1219.12,0.61,358.59,Forest,Clay,2696,1,0.34165599999999996,0
18.681046772241427,73.95111430675169,40.18,933.4,68.64,123.75,Agricultural,Laterite,7166,1,0.08685,0
16.345743999944048,73.24285676080459,112.35,793.83,69.03,286.58,Agricultural,Clay,5683,1,0.25204150000000003,0
17.56705612076691,73.91765944734728,188.81,1994.96,69.94,189.05,Water Body,Laterite,8610,1,0.288558,0
16.118292823687803,74.31722974154181,95.39,677.64,86.62,347.47,Agricultural,Alluvial,3393,1,0.129272,0
18.515971019171836,72.82502715291409,19.14,935.19,687.08,42.59,Forest,Clay,2198,0,0.1658995,0
15.85472212068511,73.05748922358863,178.18,2928.55,70.11,338.14,Agricultural,Clay,2993,1,0.4246075,0
18.036175465817976,74.45735105947715,57.47,269.46,751.26,199.46,Agricultural,Laterite,10328,0,0.07094299999999999,0
15.665715333775019,74.05369218825257,33.48,524.81,237.93,381.95,Agricultural,Sandy Loam,10284,0,0.059720499999999996,0
17.879483140433106,74.36980545264746,87,474.69,256.97,200.68,Urban,Clay,18241,0,0.2107345,0
15.858635378352123,73.86527246063143,233.57,289.04,4.09,355.12,Water Body,Laterite,3901,1,0.398022,0
19.27644961432094,72.55834326540933,52.7,719.18,374.32,48.82,Forest,Laterite,15498,0,0.08865899999999999,0
17.17919824978256,72.52798420937489,19.55,364.05,499.23,192.63,Urban,Laterite,4801,0,0.037752499999999994,0
16.647758894527044,74.02613413010869,53.81,576.81,68.49,281.14,Agricultural,Laterite,8026,1,0.0826505,0
16.875159621493104,73.10460173558032,127.76,503.74,8.85,226.42,Mangrove,Laterite,9469,1,0.40294699999999994,0
